[{
"createdAt":"2022-11-15T05:38:32.147Z",
"name":"Patti",
"avatar":"https://cloudflareipfs.com/ipfs/Qmd3W5DuhgHirLHGVixi6V76LhCkZUz6pnFt5AJBiyvHye/avatar/513.jpg",
"email":"August_Weber19@hotmail.com",
"contact":"451-555-9598",
"password":"kddnfdfnm",
"id":"11"},
{
"createdAt":"2022-11-15T02:20:25.646Z",
"name":"Sophie Dunkley",
"avatar":"https://cloudflareipfs.com/ipfs/Qmd3W5DuhgHirLHGVixi6V76LhCkZUz6pnFt5AJBiyvHye/avatar/150.jpg",
"email":"Jacinthe.Balistreri13@yahoo.com",
"contact":"206-722-5373",
"password":"89m72Pe5pmL9Nhw",
"id":"23"},
{
"createdAt":"2022-11-14T23:40:47.139Z",
"name":"Julia Schiller",
"avatar":"https://cloudflare-ipfs.com/ipfs/Qmd3W5DuhgHirLHGVixi6V76LhCkZUz6pnFt5AJBiyvHye/avatar/899.jpg",
"email":"Reanna_Dare@hotmail.com",
"contact":"721-814-4843",
"password":"MirMxrNtIVk5sG9",
"id":"26"},
{
"createdAt":"2022-11-14T06:54:40.146Z",
"name":"Sally Kerluke",
"avatar":"https://cloudflare-ipfs.com/ipfs/Qmd3W5DuhgHirLHGVixi6V76LhCkZUz6pnFt5AJBiyvHye/avatar/1242.jpg",
"email":"Kieran1@hotmail.com",
"contact":"561-350-2040",
"password":"AVahnr3vAD7_wVS",
"id":"27"},
{
"createdAt":"2022-11-14T19:28:28.616Z",
"name":"Will Turner IV",
"avatar":"https://cloudflare-ipfs.com/ipfs/Qmd3W5DuhgHirLHGVixi6V76LhCkZUz6pnFt5AJBiyvHye/avatar/987.jpg",
"email":"fredrick@hotmail.com",
"contact":"345-643-9128",
"password":"UUJ6XFIfBJwEYi5",
"id":"28"},
{
"createdAt":"2022-11-14T07:48:18.978Z",
"name":"Mrs. Anna Lindgren",
"avatar":"https://cloudflare-ipfs.com/ipfs/Qmd3W5DuhgHirLHGVixi6V76LhCkZUz6pnFt5AJBiyvHye/avatar/365.jpg",
"email":"Jayce_Bechtelar79@yahoo.com",
"contact":"412-637-0735",
"password":"Klw1ugoGsrG0Weu",
"id":"29"},
{"createdAt":"2022-11-15T04:49:08.467Z","name":"Mrs. Gary Bergstrom","avatar":"https://cloudflare-ipfs.com/ipfs/Qmd3W5DuhgHirLHGVixi6V76LhCkZUz6pnFt5AJBiyvHye/avatar/1174.jpg","email":"Vernon68@hotmail.com","contact":"918-538-8327","password":"W0Wbhq5Trzqj5nX","id":"32"},{"createdAt":"2022-11-14T08:31:59.747Z","name":"Perry Homenick","avatar":"https://cloudflare-ipfs.com/ipfs/Qmd3W5DuhgHirLHGVixi6V76LhCkZUz6pnFt5AJBiyvHye/avatar/16.jpg","email":"Amari_Schinner@yahoo.com","contact":"740-223-9448","password":"DU2E1r8l0uTfEqG","id":"34"},{"createdAt":"2022-11-14T10:09:01.716Z","name":"Tahlia McGrath","avatar":"https://cloudflare-ipfs.com/ipfs/Qmd3W5DuhgHirLHGVixi6V76LhCkZUz6pnFt5AJBiyvHye/avatar/1237.jpg","email":"tahlia980@gmail.com","contact":"789-499-7572","password":"qXbeSxzSUuYVBan","id":"36"},{"createdAt":"2022-11-14T08:11:53.079Z","name":"Wendell Casper","avatar":"https://cloudflare-ipfs.com/ipfs/Qmd3W5DuhgHirLHGVixi6V76LhCkZUz6pnFt5AJBiyvHye/avatar/982.jpg","email":"Marcos.Weimann@gmail.com","contact":"502-575-1240","password":"N5qAuroExrfvbEg","id":"37"},{"createdAt":"2022-11-14T13:17:37.422Z","name":"Marty Heidenreich","avatar":"https://cloudflare-ipfs.com/ipfs/Qmd3W5DuhgHirLHGVixi6V76LhCkZUz6pnFt5AJBiyvHye/avatar/623.jpg","email":"Christina69@hotmail.com","contact":"225-572-2589","password":"YMwHnAibNMYuy2i","id":"38"},{"createdAt":"2022-11-14T21:06:36.880Z","name":"Sylvester Stroman","avatar":"https://cloudflare-ipfs.com/ipfs/Qmd3W5DuhgHirLHGVixi6V76LhCkZUz6pnFt5AJBiyvHye/avatar/135.jpg","email":"Immanuel35@yahoo.com","contact":"228-819-1194","password":"s0pBulW1t0MWbio","id":"39"},{"createdAt":"2022-11-14T15:46:22.044Z","name":"Tommie Reilly","avatar":"https://cloudflare-ipfs.com/ipfs/Qmd3W5DuhgHirLHGVixi6V76LhCkZUz6pnFt5AJBiyvHye/avatar/770.jpg","email":"Raphaelle_Langworth64@hotmail.com","contact":"848-243-3113","password":"Hx3UEoIUipuzsmW","id":"40"},{"createdAt":"2022-11-14T14:20:54.036Z","name":"Smriti Mandhana","avatar":"https://cloudflare-ipfs.com/ipfs/Qmd3W5DuhgHirLHGVixi6V76LhCkZUz6pnFt5AJBiyvHye/avatar/1243.jpg","email":"Ralph69@hotmail.com","contact":"279-890-8285","password":"akbG9cC66SUuBlK","id":"41"},{"createdAt":"2022-11-15T03:11:55.665Z","name":"Mr. Roxanne Olson","avatar":"https://cloudflare-ipfs.com/ipfs/Qmd3W5DuhgHirLHGVixi6V76LhCkZUz6pnFt5AJBiyvHye/avatar/886.jpg","email":"Mike_Emard1@gmail.com","contact":"456-421-1607","password":"VO6k9EOIYJeoLtM","id":"42"},{"createdAt":"2022-11-14T09:03:26.755Z","name":"Luss Head","avatar":"https://cloudflare-ipfs.com/ipfs/Qmd3W5DuhgHirLHGVixi6V76LhCkZUz6pnFt5AJBiyvHye/avatar/299.jpg","email":"Emmanuel58@gmail.com","contact":"491-444-5271","password":"2JFD0IeQnUwSTiV","id":"43"},{"createdAt":"2022-11-14T20:00:16.273Z","name":"Dr. Hector","avatar":"https://cloudflare-ipfs.com/ipfs/Qmd3W5DuhgHirLHGVixi6V76LhCkZUz6pnFt5AJBiyvHye/avatar/814.jpg","email":"hector@yahoo.com","contact":"367-249-9809","password":"yt5S5CexTaa36Sc","id":"44"},{"createdAt":"2022-11-14T23:47:15.978Z","name":"Wanda Turcotte III","avatar":"https://cloudflare-ipfs.com/ipfs/Qmd3W5DuhgHirLHGVixi6V76LhCkZUz6pnFt5AJBiyvHye/avatar/581.jpg","email":"Zita.Greenfelder57@yahoo.com","contact":"901-623-4443","password":"n4R510I8KiWxkLf","id":"46"},{"createdAt":"2022-11-14T10:19:25.514Z","name":"Malcolm Johnson","avatar":"https://cloudflare-ipfs.com/ipfs/Qmd3W5DuhgHirLHGVixi6V76LhCkZUz6pnFt5AJBiyvHye/avatar/110.jpg","email":"Giuseppe_Abbott@hotmail.com","contact":"514-711-1439","password":"GCEKPymgr0_DBVu","id":"48"},{"createdAt":"2022-11-14T16:12:22.033Z","name":"Ms. Joanne Aufderhar","avatar":"https://cloudflare-ipfs.com/ipfs/Qmd3W5DuhgHirLHGVixi6V76LhCkZUz6pnFt5AJBiyvHye/avatar/709.jpg","email":"Johnpaul34@gmail.com","contact":"606-801-9213","password":"Nntp44PDn7PSxTa","id":"49"},{"createdAt":"2022-11-15T00:06:00.743Z","name":"Jake Smith","avatar":"https://cloudflare-ipfs.com/ipfs/Qmd3W5DuhgHirLHGVixi6V76LhCkZUz6pnFt5AJBiyvHye/avatar/664.jpg","email":"Monroe.Kuhlman@gmail.com","contact":"610-964-9230","password":"tNhFDo_MT8iLKBl","id":"50"},{"createdAt":"2022-11-15T04:02:41.855Z","name":"Simon Carroll","avatar":"https://cloudflare-ipfs.com/ipfs/Qmd3W5DuhgHirLHGVixi6V76LhCkZUz6pnFt5AJBiyvHye/avatar/824.jpg","email":"Wilburn81@gmail.com","contact":"552-984-0064","password":"cgVuoQWyvgVwygE","id":"51"},{"createdAt":"2023-03-21T09:17:45.576Z","name":"jack","avatar":"https://cloudflare-ipfs.com/ipfs/Qmd3W5DuhgHirLHGVixi6V76LhCkZUz6pnFt5AJBiyvHye/avatar/1188.jpg","email":"jack@gmail.com","contact":"356894354","password":"dsdsaf","id":"52"}]
  